{"optim/grad_norm":2.520277440547943,"optim/clip_frac":0.3052978515625,"pred/ability_acc":0.999603278003633,"train/episodes":3935,"optim/lr":0.0002499493656265467,"train/update_time_s":52.08658930333331,"loss/pred":0.19350301241502166,"_wandb":{"runtime":2750},"pred/tera_acc":0.9982076538726687,"optim/adv_std":0.8187673771753907,"train/pool_size":0,"loss/value":0.9107799818739295,"optim/adv_mean":1.6086126901209354,"_runtime":2750.513906848,"_step":47,"schedule/dense_scale":1,"optim/explained_variance":0.0847773514688015,"pred/move_recall":0.6470275148749352,"schedule/mask_ratio":0,"loss/policy":0.02254416877985932,"loss/entropy":-1.038564033806324,"pred/item_acc":0.9989930847659707,"_timestamp":1.780431904097404e+09,"attn/entropy":0.882634081877768,"train/win_rate":0.99,"attn/rank":1.628642451018095,"loss/total":1.9529454540461302}