{
  "global": {
    "n_states": 10,
    "k_rollouts": 3,
    "var_R": 0.1708,
    "ev_pi_max": 0.5055,
    "ev_pi_max_biased": 0.6291,
    "ev_pi_max_alt": 0.6291,
    "r2": -1.0989,
    "corr": -0.1023,
    "slope": -0.0681,
    "mse": 0.2255,
    "mean_v_pi_hat": 0.3324,
    "std_v_pi_hat": 0.3278,
    "mean_v_theta": 0.0749,
    "std_v_theta": 0.1964,
    "bias_correction": 0.0211
  },
  "by_bucket": {
    "turn_01-05": {
      "n_states": 2,
      "ev_pi_max": 0.3833,
      "r2": -2.2868,
      "var_R": 0.1849,
      "mean_v_pi": 0.5689,
      "mean_v_theta": 0.0888,
      "mse": 0.3266
    },
    "turn_06-10": {
      "n_states": 2,
      "ev_pi_max": 0.3089,
      "r2": -2.8813,
      "var_R": 0.0761,
      "mean_v_pi": 0.295,
      "mean_v_theta": -0.0479,
      "mse": 0.1423
    },
    "turn_11-20": {
      "n_states": 2,
      "ev_pi_max": 1.0,
      "r2": -1.4864,
      "var_R": 0.1367,
      "mean_v_pi": 0.3697,
      "mean_v_theta": 0.3725,
      "mse": 0.3399
    },
    "turn_21-30": {
      "n_states": 2,
      "ev_pi_max": -0.1014,
      "r2": -1.1708,
      "var_R": 0.2321,
      "mean_v_pi": 0.097,
      "mean_v_theta": -0.1162,
      "mse": 0.0877
    },
    "turn_31+": {
      "n_states": 2,
      "ev_pi_max": 1.0,
      "r2": -1.1019,
      "var_R": 0.11,
      "mean_v_pi": 0.3316,
      "mean_v_theta": 0.0772,
      "mse": 0.2312
    }
  },
  "raw": {
    "v_pi_hats": [
      0.25363772490663444,
      0.8840701286179494,
      0.4864366686376805,
      0.10347436329476527,
      0.739478284681527,
      0.0,
      0.2979208953867447,
      -0.10401642771904074,
      0.6632719393282774,
      0.0
    ],
    "v_thetas": [
      0.08361245691776276,
      0.09397668391466141,
      -0.013718485832214355,
      -0.08216267824172974,
      0.15921440720558167,
      0.585767924785614,
      -0.12076433002948761,
      -0.11155824363231659,
      0.000877872109413147,
      0.15352009236812592
    ],
    "turns": [
      1,
      1,
      6,
      7,
      11,
      11,
      21,
      22,
      31,
      31
    ],
    "cond_vars": [
      0.09487499614928492,
      0.07615281687203372,
      0.07891001810594969,
      6.660018201465775e-11,
      4.605712509215258e-08,
      0.0,
      0.3051753190910565,
      0.07834026099761694,
      0.0,
      0.0
    ]
  }
}