{
  "n_transitions": 8214,
  "pca": {
    "token_emb": {
      "n80": 1,
      "n90": 1,
      "n95": 3,
      "n99": 25
    },
    "state_cur": {
      "n80": 2,
      "n90": 2,
      "n95": 2,
      "n99": 111
    },
    "state_all": {
      "n80": 4,
      "n90": 6,
      "n95": 8,
      "n99": 185
    }
  },
  "svd_current_turn": {
    "top1_mean": 0.58903,
    "top1_std": 0.04481,
    "top2_mean": 0.70761,
    "top2_std": 0.02868,
    "top3_mean": 0.7792,
    "top3_std": 0.0211,
    "top5_mean": 0.86879,
    "top5_std": 0.01317,
    "effective_rank_mean": 4.73164,
    "effective_rank_std": 0.44642,
    "spectrum_mean": [
      0.58903,
      0.118579,
      0.071593,
      0.051025,
      0.038567,
      0.02999,
      0.024044,
      0.019562,
      0.016173,
      0.013539,
      0.011315,
      0.009345,
      0.007238
    ],
    "spectrum_std": [
      0.04481,
      0.02714,
      0.013456,
      0.008006,
      0.00559,
      0.004206,
      0.003317,
      0.002625,
      0.002012,
      0.001653,
      0.001397,
      0.001255,
      0.001309
    ]
  },
  "svd_all_turns": {
    "top1_mean": 0.50229,
    "top1_std": 0.05036,
    "top2_mean": 0.6325,
    "top2_std": 0.05483,
    "top3_mean": 0.70804,
    "top3_std": 0.043,
    "top5_mean": 0.80706,
    "top5_std": 0.02756,
    "effective_rank_mean": 6.61054,
    "effective_rank_std": 0.77817,
    "spectrum_mean": [
      0.50229,
      0.130206,
      0.075541,
      0.055715,
      0.04331,
      0.034294,
      0.028089,
      0.023416,
      0.01965,
      0.016635,
      0.014265,
      0.012373,
      0.0108,
      0.009477,
      0.008021,
      0.006589,
      0.00355,
      0.001654,
      0.000998,
      0.000654,
      0.000443,
      0.000331,
      0.000264,
      0.000219,
      0.000188,
      0.000163,
      0.000142,
      0.000121,
      8.5e-05,
      6.5e-05,
      5.3e-05,
      4.6e-05,
      4.1e-05,
      3.7e-05,
      3.3e-05,
      3e-05,
      2.7e-05,
      2.4e-05,
      2.2e-05,
      2e-05,
      1.8e-05,
      1.6e-05,
      1.4e-05,
      1.3e-05,
      1.1e-05,
      1e-05,
      9e-06,
      8e-06,
      7e-06,
      6e-06,
      5e-06,
      4e-06
    ],
    "spectrum_std": [
      0.050362,
      0.039996,
      0.016057,
      0.011072,
      0.008435,
      0.006613,
      0.005257,
      0.004258,
      0.00343,
      0.002831,
      0.002376,
      0.002021,
      0.001726,
      0.001549,
      0.001384,
      0.001143,
      0.001705,
      0.00091,
      0.000674,
      0.000523,
      0.000414,
      0.000353,
      0.000314,
      0.000281,
      0.000252,
      0.000224,
      0.000195,
      0.000161,
      9.4e-05,
      4.6e-05,
      2.6e-05,
      1.9e-05,
      1.5e-05,
      1.2e-05,
      1e-05,
      9e-06,
      8e-06,
      7e-06,
      6e-06,
      5e-06,
      5e-06,
      4e-06,
      4e-06,
      4e-06,
      4e-06,
      3e-06,
      3e-06,
      3e-06,
      2e-06,
      2e-06,
      2e-06,
      1e-06
    ],
    "top10_mean": 0.92915,
    "top10_std": 0.00891,
    "top20_mean": 0.99753,
    "top20_std": 0.00221
  }
}