{"pred/item_acc":0.9989930847659708,"attn/entropy":0.882634081877768,"optim/lr":0.0002499493656265467,"loss/total":1.9529454540461304,"pred/ability_acc":0.999603278003633,"optim/grad_norm":2.520277440547943,"train/update_time_s":52.08658930333331,"pred/tera_acc":0.9982076538726689,"_step":47,"optim/clip_frac":0.3052978515625,"schedule/dense_scale":1,"train/episodes":3935,"loss/entropy":-1.038564033806324,"loss/pred":0.19350301241502169,"_wandb":{"runtime":2978},"_runtime":2978,"loss/value":0.9107799818739296,"optim/adv_std":0.8187673771753907,"_timestamp":1.780431904097404e+09,"pred/move_recall":0.6470275148749352,"train/pool_size":0,"schedule/mask_ratio":0,"optim/adv_mean":1.6086126901209354,"train/win_rate":0.99,"loss/policy":0.02254416877985932,"optim/explained_variance":0.0847773514688015,"attn/rank":1.628642451018095}