{
  "global": {
    "n_states": 80,
    "k_rollouts": 10,
    "var_R": 0.0456,
    "ev_pi_max": 0.6694,
    "ev_pi_max_biased": 0.6994,
    "ev_pi_max_alt": 0.6994,
    "r2": -0.4853,
    "corr": 0.1942,
    "slope": 0.1797,
    "mse": 0.0473,
    "mean_v_pi_hat": 0.0627,
    "std_v_pi_hat": 0.1785,
    "mean_v_theta": 0.0754,
    "std_v_theta": 0.1632,
    "bias_correction": 0.0014
  },
  "by_bucket": {
    "turn_01-05": {
      "n_states": 20,
      "ev_pi_max": 0.5658,
      "r2": -0.0164,
      "var_R": 0.081,
      "mean_v_pi": 0.0972,
      "mean_v_theta": 0.1363,
      "mse": 0.0498
    },
    "turn_06-10": {
      "n_states": 20,
      "ev_pi_max": 0.5317,
      "r2": 0.2853,
      "var_R": 0.0535,
      "mean_v_pi": 0.0852,
      "mean_v_theta": 0.0916,
      "mse": 0.0219
    },
    "turn_11-20": {
      "n_states": 20,
      "ev_pi_max": 1.0,
      "r2": -2.606,
      "var_R": 0.0226,
      "mean_v_pi": 0.0345,
      "mean_v_theta": 0.2289,
      "mse": 0.0816
    },
    "turn_21+": {
      "n_states": 20,
      "ev_pi_max": 0.9971,
      "r2": -0.651,
      "var_R": 0.0219,
      "mean_v_pi": 0.0339,
      "mean_v_theta": -0.1552,
      "mse": 0.036
    }
  },
  "raw": {
    "v_pi_hats": [
      0.18796041139892083,
      0.32018863723522906,
      0.7104680117043431,
      0.7255140425030928,
      0.0,
      0.0,
      0.0,
      0.0,
      0.0,
      0.0,
      0.0,
      0.0,
      0.0,
      0.0,
      0.0,
      0.0,
      0.0,
      0.0,
      0.0,
      0.0,
      0.3659807012988995,
      0.5840900236732901,
      0.3793828673714229,
      0.3746638832614624,
      0.0,
      0.0,
      0.0,
      0.0,
      0.0,
      0.0,
      0.0,
      0.0,
      0.0,
      0.0,
      0.0,
      0.0,
      0.0,
      0.0,
      0.0,
      0.0,
      0.6900232018561485,
      0.0,
      0.0,
      0.0,
      0.0,
      0.0,
      0.0,
      0.0,
      0.0,
      0.0,
      0.0,
      0.0,
      0.0,
      0.0,
      0.0,
      0.0,
      0.0,
      0.0,
      0.0,
      0.0,
      0.6779434436239475,
      0.0,
      0.0,
      0.0,
      0.0,
      0.0,
      0.0,
      0.0,
      0.0,
      0.0,
      0.0,
      0.0,
      0.0,
      0.0,
      0.0,
      0.0,
      0.0,
      0.0,
      0.0,
      0.0
    ],
    "v_thetas": [
      0.08361247181892395,
      -0.02299203723669052,
      0.11775031685829163,
      0.29571211338043213,
      0.2560933530330658,
      0.15152302384376526,
      0.13171057403087616,
      0.13171057403087616,
      0.13171057403087616,
      0.13171057403087616,
      0.13171057403087616,
      0.13171057403087616,
      0.13171057403087616,
      0.13171057403087616,
      0.13171057403087616,
      0.13171057403087616,
      0.13171057403087616,
      0.13171057403087616,
      0.13171057403087616,
      0.13171057403087616,
      0.12041701376438141,
      0.15055343508720398,
      0.10667699575424194,
      0.22836051881313324,
      0.10784417390823364,
      0.07886321097612381,
      0.07421037554740906,
      0.07421037554740906,
      0.07421037554740906,
      0.07421037554740906,
      0.07421037554740906,
      0.07421037554740906,
      0.07421037554740906,
      0.07421037554740906,
      0.07421037554740906,
      0.07421037554740906,
      0.07421037554740906,
      0.07421037554740906,
      0.07421037554740906,
      0.07421037554740906,
      -0.025891050696372986,
      0.2968379855155945,
      0.23038892447948456,
      0.23977448046207428,
      0.23977448046207428,
      0.23977448046207428,
      0.23977448046207428,
      0.23977448046207428,
      0.23977448046207428,
      0.23977448046207428,
      0.23977448046207428,
      0.23977448046207428,
      0.23977448046207428,
      0.23977448046207428,
      0.23977448046207428,
      0.23977448046207428,
      0.23977448046207428,
      0.23977448046207428,
      0.23977448046207428,
      0.23977448046207428,
      0.4187244176864624,
      -0.1956019550561905,
      -0.19923906028270721,
      -0.18402506411075592,
      -0.18402506411075592,
      -0.18402506411075592,
      -0.18402506411075592,
      -0.18402506411075592,
      -0.18402506411075592,
      -0.18402506411075592,
      -0.18402506411075592,
      -0.18402506411075592,
      -0.18402506411075592,
      -0.18402506411075592,
      -0.18402506411075592,
      -0.18402506411075592,
      -0.18402506411075592,
      -0.18402506411075592,
      -0.18402506411075592,
      -0.18402506411075592
    ],
    "turns": [
      1,
      2,
      2,
      3,
      3,
      3,
      3,
      3,
      3,
      3,
      3,
      3,
      3,
      3,
      3,
      3,
      3,
      3,
      3,
      3,
      6,
      7,
      8,
      9,
      9,
      9,
      9,
      9,
      9,
      9,
      9,
      9,
      9,
      9,
      9,
      9,
      9,
      9,
      9,
      9,
      11,
      11,
      11,
      11,
      11,
      11,
      11,
      11,
      11,
      11,
      11,
      11,
      11,
      11,
      11,
      11,
      11,
      11,
      11,
      11,
      21,
      21,
      21,
      21,
      21,
      21,
      21,
      21,
      21,
      21,
      21,
      21,
      21,
      21,
      21,
      21,
      21,
      21,
      21,
      21
    ],
    "cond_vars": [
      0.28396981511805613,
      0.3030505293889246,
      0.0013916067842866453,
      0.05071147266544139,
      0.0,
      0.0,
      0.0,
      0.0,
      0.0,
      0.0,
      0.0,
      0.0,
      0.0,
      0.0,
      0.0,
      0.0,
      0.0,
      0.0,
      0.0,
      0.0,
      0.07565849974698184,
      0.137683849922462,
      0.08301558014399708,
      0.1590178314813015,
      0.0,
      0.0,
      0.0,
      0.0,
      0.0,
      0.0,
      0.0,
      0.0,
      0.0,
      0.0,
      0.0,
      0.0,
      0.0,
      0.0,
      0.0,
      0.0,
      0.0,
      0.0,
      0.0,
      0.0,
      0.0,
      0.0,
      0.0,
      0.0,
      0.0,
      0.0,
      0.0,
      0.0,
      0.0,
      0.0,
      0.0,
      0.0,
      0.0,
      0.0,
      0.0,
      0.0,
      0.0011691341162189642,
      0.0,
      0.0,
      0.0,
      0.0,
      0.0,
      0.0,
      0.0,
      0.0,
      0.0,
      0.0,
      0.0,
      0.0,
      0.0,
      0.0,
      0.0,
      0.0,
      0.0,
      0.0,
      0.0
    ]
  }
}