{
  "n_transitions": 8209,
  "pca": {
    "token_emb": {
      "n80": 1,
      "n90": 1,
      "n95": 1,
      "n99": 11
    },
    "state_cur": {
      "n80": 1,
      "n90": 1,
      "n95": 1,
      "n99": 2
    },
    "state_all": {
      "n80": 3,
      "n90": 4,
      "n95": 4,
      "n99": 19
    }
  },
  "svd_current_turn": {
    "top1_mean": 0.73271,
    "top1_std": 0.04008,
    "top2_mean": 0.79644,
    "top2_std": 0.02744,
    "top3_mean": 0.83797,
    "top3_std": 0.02076,
    "top5_mean": 0.89367,
    "top5_std": 0.013,
    "effective_rank_mean": 3.28097,
    "effective_rank_std": 0.37893,
    "spectrum_mean": [
      0.732711,
      0.063733,
      0.041529,
      0.030999,
      0.024693,
      0.020572,
      0.017675,
      0.015445,
      0.013521,
      0.011882,
      0.010425,
      0.009089,
      0.007727
    ],
    "spectrum_std": [
      0.040078,
      0.024912,
      0.008899,
      0.005792,
      0.004037,
      0.00306,
      0.002477,
      0.002108,
      0.001821,
      0.001578,
      0.001369,
      0.001216,
      0.001153
    ]
  },
  "svd_all_turns": {
    "top1_mean": 0.6759,
    "top1_std": 0.05795,
    "top2_mean": 0.74977,
    "top2_std": 0.05981,
    "top3_mean": 0.78838,
    "top3_std": 0.05057,
    "top5_mean": 0.84251,
    "top5_std": 0.03705,
    "effective_rank_mean": 4.35008,
    "effective_rank_std": 0.75921,
    "spectrum_mean": [
      0.675902,
      0.073871,
      0.038603,
      0.029637,
      0.024496,
      0.021081,
      0.01869,
      0.016825,
      0.015289,
      0.013991,
      0.012795,
      0.011682,
      0.010562,
      0.009435,
      0.008298,
      0.007028,
      0.004255,
      0.002488,
      0.001594,
      0.001026,
      0.000667,
      0.000449,
      0.000313,
      0.000224,
      0.000168,
      0.00013,
      0.000103,
      8.3e-05,
      6.1e-05,
      4.6e-05,
      3.4e-05,
      2.7e-05,
      2.2e-05,
      1.8e-05,
      1.5e-05,
      1.3e-05,
      1.1e-05,
      1e-05,
      9e-06,
      7e-06,
      6e-06,
      6e-06,
      5e-06,
      4e-06,
      4e-06,
      3e-06,
      3e-06,
      2e-06,
      2e-06,
      2e-06,
      2e-06,
      1e-06
    ],
    "spectrum_std": [
      0.057953,
      0.049808,
      0.010886,
      0.008169,
      0.006423,
      0.005374,
      0.004718,
      0.004254,
      0.003866,
      0.003556,
      0.00328,
      0.003012,
      0.002751,
      0.002465,
      0.002167,
      0.001868,
      0.00163,
      0.001172,
      0.00089,
      0.000677,
      0.000499,
      0.000367,
      0.000275,
      0.000209,
      0.000167,
      0.000139,
      0.000118,
      0.0001,
      7.8e-05,
      5.4e-05,
      3.4e-05,
      2.2e-05,
      1.4e-05,
      1e-05,
      7e-06,
      5e-06,
      4e-06,
      4e-06,
      3e-06,
      3e-06,
      2e-06,
      2e-06,
      2e-06,
      1e-06,
      1e-06,
      1e-06,
      1e-06,
      1e-06,
      1e-06,
      1e-06,
      1e-06,
      0.0
    ],
    "top10_mean": 0.92838,
    "top10_std": 0.0162,
    "top20_mean": 0.99755,
    "top20_std": 0.00182
  }
}